{"cameraMode":{"drawMode":0,"name":"Shaded","section":"Shading Mode"},"sceneLighting":false,"audioPlay":false,"sceneViewState":{"showFog":true,"showMaterialUpdate":false,"showSkybox":false,"showFlares":true,"showImageEffects":true,"showParticleSystems":true,"showVisualEffectGraphs":true,"m_FxEnabled":true},"in2DMode":false,"pivot":{"x":3.1821866035461427,"y":-0.025472581386566163,"z":-5.05465030670166},"rotation":{"x":-0.07956283539533615,"y":0.5137102603912354,"z":-0.047911807894706729,"w":-0.8529316186904907},"size":1.6489124298095704,"orthographic":false}